{
  "loss": [
    0.012689,
    0.004888,
    0.007451,
    0.004844,
    0.00298,
    0.002452,
    0.002564,
    0.002198,
    0.002225,
    0.00278,
    0.002765,
    0.001879,
    0.001929,
    0.001798,
    0.00169,
    0.001801,
    0.001551,
    0.001522,
    0.001424,
    0.001334,
    0.001338,
    0.001321,
    0.001309,
    0.001303,
    0.001362,
    0.001319,
    0.00122,
    0.001175,
    0.001168,
    0.001166,
    0.001166,
    0.001144,
    0.001106,
    0.001191,
    0.0012,
    0.001221,
    0.001141,
    0.001171,
    0.001099,
    0.001114,
    0.001118,
    0.001081,
    0.001071,
    0.001048,
    0.001056,
    0.00107,
    0.001025,
    0.001059,
    0.001061,
    0.001046
  ],
  "val_loss": [
    0.004376,
    0.014509,
    0.010922,
    0.003317,
    0.002119,
    0.002371,
    0.002249,
    0.001928,
    0.002086,
    0.003635,
    0.001636,
    0.001979,
    0.001545,
    0.00162,
    0.001692,
    0.001701,
    0.001857,
    0.001516,
    0.001315,
    0.001373,
    0.001312,
    0.001404,
    0.001451,
    0.0014,
    0.001278,
    0.001115,
    0.001072,
    0.001044,
    0.001021,
    0.00106,
    0.001006,
    0.000983,
    0.000965,
    0.00101,
    0.001024,
    0.000999,
    0.001054,
    0.000969,
    0.000983,
    0.000946,
    0.000949,
    0.000981,
    0.00097,
    0.000966,
    0.000955,
    0.000962,
    0.00096,
    0.000973,
    0.000962,
    0.000965
  ],
  "mae": [
    0.076523,
    0.050145,
    0.059219,
    0.047147,
    0.038965,
    0.035466,
    0.035596,
    0.03363,
    0.032907,
    0.035397,
    0.036371,
    0.030532,
    0.031585,
    0.02923,
    0.028791,
    0.02918,
    0.025925,
    0.026231,
    0.024683,
    0.024336,
    0.024643,
    0.024363,
    0.024424,
    0.024508,
    0.024232,
    0.023232,
    0.022603,
    0.022051,
    0.022265,
    0.022168,
    0.022383,
    0.02214,
    0.021922,
    0.02231,
    0.022706,
    0.022556,
    0.021742,
    0.021897,
    0.021367,
    0.021546,
    0.021573,
    0.02114,
    0.021161,
    0.020945,
    0.02103,
    0.021192,
    0.020535,
    0.020946,
    0.020827,
    0.020837
  ],
  "val_mae": [
    0.04627,
    0.070536,
    0.06339,
    0.040293,
    0.032724,
    0.036375,
    0.036157,
    0.03089,
    0.032327,
    0.048284,
    0.027365,
    0.033673,
    0.027877,
    0.0291,
    0.0293,
    0.028553,
    0.026107,
    0.022675,
    0.022051,
    0.022525,
    0.021958,
    0.02294,
    0.023358,
    0.023784,
    0.021223,
    0.020204,
    0.018978,
    0.018787,
    0.018504,
    0.018964,
    0.019072,
    0.01857,
    0.018655,
    0.019512,
    0.019862,
    0.018975,
    0.020875,
    0.01912,
    0.019439,
    0.018272,
    0.018568,
    0.019136,
    0.019234,
    0.019169,
    0.018915,
    0.01894,
    0.018999,
    0.019476,
    0.019114,
    0.019162
  ]
}